url,last_crawled_gsc,current_status_code,current_indexability,current_indexability_status,inlinks_old_triage,word_count_old_triage,duplicate_title_count_old_triage,flags_old_triage,title_old_triage,action_bucket,priority,reason,slug,post_id,title,status,lookup_status,delete_status,detail,public_status_now,deletion_route,route_detail,asset_url
https://defiliban.io/11-4m-rollblock-presale-vs-386m-blockdag-presale-who-wins/,1970-01-01,200,Indexable,,50,1010,1,single_slug;blockdag_cluster,$11.4M RollBlock Presale vs $386M BlockDAG Presale: Who Wins?,delete_or_noindex,high,Promotional or low-trust investment-style URL; better pruned or deprioritized.,11-4m-rollblock-presale-vs-386m-blockdag-presale-who-wins,,,,lookup_failed,lookup_failed,Could not map slug to a single post.,200,attachment_delete_media,4190,https://defiliban.io/wp-content/uploads/2025/08/2025-08-28T144348.888Zunnamed.png
https://defiliban.io/17m-worth-of-proof-pods-crypto-crowd-cant-keep-calm-as-zero-knowledge-proof-zkp-to-roll-out-hardware-when-ica-opens/,1970-01-01,200,Indexable,,54,1297,1,single_slug;wordcount_1200_plus,$17M-Worth of Proof Pods: Crypto Crowd Can’t Keep Calm As Zero Knowledge Proof (ZKP) To Roll Out Hardware When ICA Opens!,delete_or_noindex,high,Promotional or low-trust investment-style URL; better pruned or deprioritized.,17m-worth-of-proof-pods-crypto-crowd-cant-keep-calm-as-zero-knowledge-proof-zkp-to-roll-out-hardware-when-ica-opens,,,,lookup_failed,lookup_failed,Could not map slug to a single post.,200,attachment_delete_media,6490,https://defiliban.io/wp-content/uploads/2025/11/2025-11-14T110410.329Zunnamed.png
https://defiliban.io/3m-daily-miners-and-0-exchanges-how-blockdag-built-cryptos-most-organic-community/,1970-01-01,200,Indexable,,50,1115,1,single_slug;blockdag_cluster,3M+ Daily Miners and 0 Exchanges: How BlockDAG Built Crypto’s Most Organic Community,delete_or_noindex,high,Promotional or low-trust investment-style URL; better pruned or deprioritized.,3m-daily-miners-and-0-exchanges-how-blockdag-built-cryptos-most-organic-community,,,,lookup_failed,lookup_failed,Could not map slug to a single post.,200,attachment_delete_media,4523,https://defiliban.io/wp-content/uploads/2025/09/2025-09-08T091946.565Zunnamed.png
https://defiliban.io/5-top-crypto-coins-to-buy-now-for-massive-gains-zero-knowledge-proof-zkp-dogecoin-filecoin-polygon-solana/,1970-01-01,200,Indexable,,55,1308,1,single_slug;wordcount_1200_plus,"5 Top Crypto Coins to Buy Now for Massive Gains: Zero Knowledge Proof (ZKP), Dogecoin, Filecoin, Polygon, & Solana!",delete_or_noindex,high,Promotional or low-trust investment-style URL; better pruned or deprioritized.,5-top-crypto-coins-to-buy-now-for-massive-gains-zero-knowledge-proof-zkp-dogecoin-filecoin-polygon-solana,,,,lookup_failed,lookup_failed,Could not map slug to a single post.,200,attachment_delete_media,6516,https://defiliban.io/wp-content/uploads/2025/11/2025-11-15T075857.773Zunnamed.png
https://defiliban.io/aave-at-320-stellarpad-ai-grows-blockdag-crosses-405m/,1970-01-01,200,Indexable,,52,1164,1,single_slug;blockdag_cluster,"AAVE at $320, StellarPad AI Grows, BlockDAG Crosses $405M",delete_or_noindex,high,Promotional or low-trust investment-style URL; better pruned or deprioritized.,aave-at-320-stellarpad-ai-grows-blockdag-crosses-405m,,,,lookup_failed,lookup_failed,Could not map slug to a single post.,200,attachment_delete_media,4808,https://defiliban.io/wp-content/uploads/2025/09/2025-09-16T100722.672Zunnamed.png
https://defiliban.io/ada-pi-vs-blockdag-which-is-the-best-long-term-crypto-investment/,1970-01-01,200,Indexable,,50,1183,1,single_slug;blockdag_cluster,ADA & Pi vs BlockDAG: Which is the Best Long Term Crypto Investment?,delete_or_noindex,high,Promotional or low-trust investment-style URL; better pruned or deprioritized.,ada-pi-vs-blockdag-which-is-the-best-long-term-crypto-investment,,,,lookup_failed,lookup_failed,Could not map slug to a single post.,200,attachment_delete_media,5000,https://defiliban.io/wp-content/uploads/2025/09/2025-09-21T150620.804Zunnamed.png
https://defiliban.io/ada-ripple-face-off-as-bdag-396m-presale-signals-momentum/,1970-01-01,200,Indexable,,51,1053,1,single_slug,ADA & Ripple Face Off as BDAG $396M Presale Signals Momentum,delete_or_noindex,high,Promotional or low-trust investment-style URL; better pruned or deprioritized.,ada-ripple-face-off-as-bdag-396m-presale-signals-momentum,,,,lookup_failed,lookup_failed,Could not map slug to a single post.,200,attachment_delete_media,4623,https://defiliban.io/wp-content/uploads/2025/09/2025-09-10T131742.979Zunnamed.png
https://defiliban.io/ada-steady-sui-climbs-blockdag-announces-september-25-testnet-launch/,1970-01-01,200,Indexable,,53,1080,1,single_slug;blockdag_cluster,"ADA Steady, SUI Climbs, BlockDAG Announces September 25 Testnet Launch!",delete_or_noindex,high,Promotional or low-trust investment-style URL; better pruned or deprioritized.,ada-steady-sui-climbs-blockdag-announces-september-25-testnet-launch,,,,lookup_failed,lookup_failed,Could not map slug to a single post.,200,attachment_delete_media,4670,https://defiliban.io/wp-content/uploads/2025/09/2025-09-11T161338.293Zunnamed.png
https://defiliban.io/ada-weakens-pump-targets-0-0095-but-blockdags-testnet-steals-the-show/,1970-01-01,200,Indexable,,52,1107,1,single_slug;blockdag_cluster,"ADA Weakens, Pump Targets $0.0095, but BlockDAG’s Testnet Steals The Show!",delete_or_noindex,high,Promotional or low-trust investment-style URL; better pruned or deprioritized.,ada-weakens-pump-targets-0-0095-but-blockdags-testnet-steals-the-show,,,,lookup_failed,lookup_failed,Could not map slug to a single post.,200,attachment_delete_media,5133,https://defiliban.io/wp-content/uploads/2025/09/2025-09-26T103706.151Zunnamed.png
https://defiliban.io/altcoins-that-will-explode-in-2025-eth-xrp-blockdag-hype/,1970-01-01,200,Indexable,,51,1066,1,single_slug;blockdag_cluster,"Altcoins That Will Explode in 2025: ETH, XRP, BlockDAG & HYPE",delete_or_noindex,high,Promotional or low-trust investment-style URL; better pruned or deprioritized.,altcoins-that-will-explode-in-2025-eth-xrp-blockdag-hype,,,,lookup_failed,lookup_failed,Could not map slug to a single post.,200,attachment_delete_media,4142,https://defiliban.io/wp-content/uploads/2025/08/2025-08-27T140859.856Zunnamed.png
https://defiliban.io/antony-turner-the-visionary-ceo-powering-blockdags-nearly-435m-presale-success/,1970-01-01,200,Indexable,,53,948,1,single_slug;blockdag_cluster,Antony Turner: The Visionary CEO Powering BlockDAG’s Nearly $435M Presale Success,delete_or_noindex,high,Promotional or low-trust investment-style URL; better pruned or deprioritized.,antony-turner-the-visionary-ceo-powering-blockdags-nearly-435m-presale-success,,,,lookup_failed,lookup_failed,Could not map slug to a single post.,200,attachment_delete_media,6262,https://defiliban.io/wp-content/uploads/2025/10/2025-10-30T120934.756Zunnamed.png
https://defiliban.io/aster-eyes-5-bnb-tops-1300-blockdags-430m-surge/,1970-01-01,200,Indexable,,55,1126,1,single_slug;blockdag_cluster,"Aster Eyes $5, BNB Tops $1,300, BlockDAG’s $430M Surge",delete_or_noindex,high,Promotional or low-trust investment-style URL; better pruned or deprioritized.,aster-eyes-5-bnb-tops-1300-blockdags-430m-surge,,,,lookup_failed,lookup_failed,Could not map slug to a single post.,200,attachment_delete_media,5926,https://defiliban.io/wp-content/uploads/2025/10/2025-10-22T103045.865Zunnamed.png
https://defiliban.io/avalanche-etf-cardano-ada-price-potential-and-blockdag-presale-top-crypto-to-buy-in-2025-analysis/,1970-01-01,200,Indexable,,50,1114,1,single_slug;blockdag_cluster,"Avalanche ETF, Cardano (ADA) Price Potential, and BlockDAG Presale – Top Crypto to Buy in 2025 Analysis",delete_or_noindex,high,Promotional or low-trust investment-style URL; better pruned or deprioritized.,avalanche-etf-cardano-ada-price-potential-and-blockdag-presale-top-crypto-to-buy-in-2025-analysis,,,,lookup_failed,lookup_failed,Could not map slug to a single post.,200,attachment_delete_media,4224,https://defiliban.io/wp-content/uploads/2025/08/2025-08-29T100337.815Zunnamed.png
https://defiliban.io/best-altcoin-to-buy-2025-blockdag-beats-sol-eth-and-bnb-with-massive-growth/,1970-01-01,200,Indexable,,51,1563,1,single_slug;blockdag_cluster;wordcount_1200_plus,"Best Altcoin to Buy 2025: BlockDAG Beats SOL, ETH and BNB with Massive Growth",delete_or_noindex,high,Promotional or low-trust investment-style URL; better pruned or deprioritized.,best-altcoin-to-buy-2025-blockdag-beats-sol-eth-and-bnb-with-massive-growth,,,,lookup_failed,lookup_failed,Could not map slug to a single post.,200,attachment_delete_media,4371,https://defiliban.io/wp-content/uploads/2025/09/2025-09-03T145306.825Zunnamed.png
https://defiliban.io/best-crypto-coins-in-2025-blockdag-dogecoin-pengu-hbar/,1970-01-01,200,Indexable,,53,1246,1,single_slug;blockdag_cluster;wordcount_1200_plus,"Best Crypto Coins in 2025: BlockDAG, Dogecoin, Pengu, HBAR",delete_or_noindex,high,Promotional or low-trust investment-style URL; better pruned or deprioritized.,best-crypto-coins-in-2025-blockdag-dogecoin-pengu-hbar,,,,lookup_failed,lookup_failed,Could not map slug to a single post.,200,attachment_delete_media,4833,https://defiliban.io/wp-content/uploads/2025/09/2025-09-16T152231.934Zunnamed.png
https://defiliban.io/best-crypto-presale-blockdag-blockchainfx-lyno-ai-ozak-ai/,1970-01-01,200,Indexable,,54,1244,1,single_slug;blockdag_cluster;wordcount_1200_plus,"Best Crypto Presale: BlockDAG, BlockchainFX, Lyno AI, Ozak AI",delete_or_noindex,high,Promotional or low-trust investment-style URL; better pruned or deprioritized.,best-crypto-presale-blockdag-blockchainfx-lyno-ai-ozak-ai,,,,lookup_failed,lookup_failed,Could not map slug to a single post.,200,attachment_delete_media,5140,https://defiliban.io/wp-content/uploads/2025/09/2025-09-26T133658.883Zunnamed.png
https://defiliban.io/best-crypto-projects-2025-blockdag-ethereum-binance-xrp/,1970-01-01,200,Indexable,,55,1130,1,single_slug;blockdag_cluster,"Best Crypto Projects 2025: BlockDAG, Ethereum, Binance, XRP",delete_or_noindex,high,Promotional or low-trust investment-style URL; better pruned or deprioritized.,best-crypto-projects-2025-blockdag-ethereum-binance-xrp,,,,lookup_failed,lookup_failed,Could not map slug to a single post.,200,attachment_delete_media,6270,https://defiliban.io/wp-content/uploads/2025/10/2025-10-30T123540.613Zunnamed.png
https://defiliban.io/best-crypto-to-buy-now-ethereum-holds-4400-as-staking-demand-grows/,1970-01-01,200,Indexable,,55,1042,1,single_slug,"Best Crypto to Buy Now | Ethereum Holds $4,400 as Staking Demand Grows",delete_or_noindex,high,Promotional or low-trust investment-style URL; better pruned or deprioritized.,best-crypto-to-buy-now-ethereum-holds-4400-as-staking-demand-grows,,,,lookup_failed,lookup_failed,Could not map slug to a single post.,200,attachment_delete_media,4448,https://defiliban.io/wp-content/uploads/2025/09/2025-09-05T150046.849Zunnamed.jpg
https://defiliban.io/best-crypto-to-invest-in-2025-blockdag-ada-link-and-sui/,1970-01-01,200,Indexable,,54,1094,1,single_slug;blockdag_cluster,"Best Crypto to Invest in 2025? BlockDAG, ADA, LINK, and SUI",delete_or_noindex,high,Promotional or low-trust investment-style URL; better pruned or deprioritized.,best-crypto-to-invest-in-2025-blockdag-ada-link-and-sui,,,,lookup_failed,lookup_failed,Could not map slug to a single post.,200,attachment_delete_media,4672,https://defiliban.io/wp-content/uploads/2025/09/2025-09-11T161600.218Zunnamed.png
https://defiliban.io/best-performing-cryptos-2025-eth-bnb-blockdag-ada/,1970-01-01,200,Indexable,,56,903,1,single_slug;blockdag_cluster,"Best Performing Cryptos 2025: ETH, BNB, BlockDAG, ADA",delete_or_noindex,high,Promotional or low-trust investment-style URL; better pruned or deprioritized.,best-performing-cryptos-2025-eth-bnb-blockdag-ada,,,,lookup_failed,lookup_failed,Could not map slug to a single post.,200,attachment_delete_media,4129,https://defiliban.io/wp-content/uploads/2025/08/2025-08-27T094447.102Zunnamed.png
https://defiliban.io/best-presale-coins-of-2025-blockdag-nexchain-ai-t6900-bitcoin-hyper/,1970-01-01,200,Indexable,,55,1089,1,single_slug;blockdag_cluster,"Best Presale Coins of 2025: BlockDAG, Nexchain AI, T6900 & Bitcoin Hyper",delete_or_noindex,high,Promotional or low-trust investment-style URL; better pruned or deprioritized.,best-presale-coins-of-2025-blockdag-nexchain-ai-t6900-bitcoin-hyper,,,,lookup_failed,lookup_failed,Could not map slug to a single post.,200,attachment_delete_media,5183,https://defiliban.io/wp-content/uploads/2025/09/2025-09-28T105911.870Zunnamed.png
https://defiliban.io/beyond-specialization-why-blockdags-integrated-model-presents-a-superior-investment-case/,1970-01-01,200,Indexable,,51,1546,1,single_slug;blockdag_cluster;wordcount_1200_plus,Beyond Specialization: Why BlockDAG's Integrated Model Presents a Superior Investment Case,delete_or_noindex,high,Promotional or low-trust investment-style URL; better pruned or deprioritized.,beyond-specialization-why-blockdags-integrated-model-presents-a-superior-investment-case,,,,lookup_failed,lookup_failed,Could not map slug to a single post.,200,attachment_delete_media,5890,https://defiliban.io/wp-content/uploads/2025/10/2025-10-21T151412.336Zunnamed.png
https://defiliban.io/blockchainfx-ozak-ai-blockdag-395m-presale-3m-miners/,1970-01-01,200,Indexable,,49,1088,1,single_slug;blockdag_cluster,"BlockchainFX, Ozak AI, BlockDAG $395M Presale & 3M Miners",delete_or_noindex,high,Promotional or low-trust investment-style URL; better pruned or deprioritized.,blockchainfx-ozak-ai-blockdag-395m-presale-3m-miners,,,,lookup_failed,lookup_failed,Could not map slug to a single post.,200,attachment_delete_media,4401,https://defiliban.io/wp-content/uploads/2025/09/2025-09-04T112737.131Zunnamed.png
https://defiliban.io/blockdag-20-prediction-outshines-ada-and-dogecoin-in-the-debate-on-which-crypto-will-explode/,1970-01-01,200,Indexable,,53,1133,1,single_slug;blockdag_cluster,BlockDAG $20 Prediction Outshines ADA and Dogecoin in the Debate on Which Crypto Will Explode,delete_or_noindex,high,Promotional or low-trust investment-style URL; better pruned or deprioritized.,blockdag-20-prediction-outshines-ada-and-dogecoin-in-the-debate-on-which-crypto-will-explode,,,,lookup_failed,lookup_failed,Could not map slug to a single post.,200,attachment_delete_media,5115,https://defiliban.io/wp-content/uploads/2025/09/2025-09-25T114232.091Zunnamed.png
https://defiliban.io/blockdag-2025-review-386m-presale-2660-roi-and-the-tech-driving-its-growth/,1970-01-01,200,Indexable,,55,1005,1,single_slug;blockdag_cluster,"BlockDAG 2025 Review: $386M Presale, 2,660% ROI, and the Tech Driving Its Growth",delete_or_noindex,high,Promotional or low-trust investment-style URL; better pruned or deprioritized.,blockdag-2025-review-386m-presale-2660-roi-and-the-tech-driving-its-growth,,,,lookup_failed,lookup_failed,Could not map slug to a single post.,200,attachment_delete_media,4194,https://defiliban.io/wp-content/uploads/2025/08/2025-08-28T145110.848Zunnamed.png
https://defiliban.io/blockdag-410m-presale-ondo-near-1-11-stellar-holds-ground/,1970-01-01,200,Indexable,,54,1064,1,single_slug;blockdag_cluster,"BlockDAG $410M Presale, ONDO Near $1.11, Stellar Holds Ground",delete_or_noindex,high,Promotional or low-trust investment-style URL; better pruned or deprioritized.,blockdag-410m-presale-ondo-near-1-11-stellar-holds-ground,,,,lookup_failed,lookup_failed,Could not map slug to a single post.,200,attachment_delete_media,5022,https://defiliban.io/wp-content/uploads/2025/09/2025-09-22T150450.511Zunnamed.png
https://defiliban.io/blockdag-410m-surge-ethereum-near-4500-bnb-targets-900/,1970-01-01,200,Indexable,,51,1137,1,single_slug;blockdag_cluster,"BlockDAG $410M Surge, Ethereum Near $4,500, BNB Targets $900",delete_or_noindex,high,Promotional or low-trust investment-style URL; better pruned or deprioritized.,blockdag-410m-surge-ethereum-near-4500-bnb-targets-900,,,,lookup_failed,lookup_failed,Could not map slug to a single post.,200,attachment_delete_media,4862,https://defiliban.io/wp-content/uploads/2025/09/2025-09-17T133236.751Zunnamed.png
https://defiliban.io/blockdag-ambassador-program-from-fans-to-founders-in-web3-leadership/,1970-01-01,200,Indexable,,50,1130,1,single_slug;blockdag_cluster,BlockDAG Ambassador Program: From Fans to Founders in Web3 Leadership,delete_or_noindex,high,Promotional or low-trust investment-style URL; better pruned or deprioritized.,blockdag-ambassador-program-from-fans-to-founders-in-web3-leadership,,,,lookup_failed,lookup_failed,Could not map slug to a single post.,200,attachment_delete_media,4329,https://defiliban.io/wp-content/uploads/2025/09/2025-09-01T150912.715Zunnamed.png
https://defiliban.io/blockdag-ambassador-program-from-fans-to-founders-in-web3/,1970-01-01,200,Indexable,,52,1050,1,single_slug;blockdag_cluster,BlockDAG Ambassador Program: From Fans to Founders in Web3,delete_or_noindex,high,Promotional or low-trust investment-style URL; better pruned or deprioritized.,blockdag-ambassador-program-from-fans-to-founders-in-web3,,,,lookup_failed,lookup_failed,Could not map slug to a single post.,200,attachment_delete_media,4374,https://defiliban.io/wp-content/uploads/2025/09/2025-09-03T145505.800Zunnamed.png
https://defiliban.io/blockdag-awakening-testnet-launches-sept-25-with-15k-tps-miner-sync/,1970-01-01,200,Indexable,,52,942,1,single_slug;blockdag_cluster,BlockDAG Awakening Testnet Launches Sept 25 With 15K TPS & Miner Sync,delete_or_noindex,high,Promotional or low-trust investment-style URL; better pruned or deprioritized.,blockdag-awakening-testnet-launches-sept-25-with-15k-tps-miner-sync,,,,lookup_failed,lookup_failed,Could not map slug to a single post.,200,attachment_delete_media,4866,https://defiliban.io/wp-content/uploads/2025/09/2025-09-17T133808.808Zunnamed.png
https://defiliban.io/blockdag-commands-the-spotlight-with-430m-presale-live-ama-on-binance-while-cardano-turns-bearish-pepe-loses-grip/,1970-01-01,200,Indexable,,54,1212,1,single_slug;blockdag_cluster;wordcount_1200_plus,BlockDAG Commands the Spotlight with $430M+ Presale & Live AMA on Binance While Cardano Turns Bearish & Pepe Loses Grip,delete_or_noindex,high,Promotional or low-trust investment-style URL; better pruned or deprioritized.,blockdag-commands-the-spotlight-with-430m-presale-live-ama-on-binance-while-cardano-turns-bearish-pepe-loses-grip,,,,lookup_failed,lookup_failed,Could not map slug to a single post.,200,attachment_delete_media,5951,https://defiliban.io/wp-content/uploads/2025/10/2025-10-22T125150.800Zunnamed.png
https://defiliban.io/blockdag-cosmos-tron-polygon-next-crypto-to-explode-in-2025/,1970-01-01,200,Indexable,,57,1212,1,single_slug;blockdag_cluster;wordcount_1200_plus,"BlockDAG, Cosmos, Tron & Polygon: Next Crypto to Explode in 2025",delete_or_noindex,high,Promotional or low-trust investment-style URL; better pruned or deprioritized.,blockdag-cosmos-tron-polygon-next-crypto-to-explode-in-2025,,,,lookup_failed,lookup_failed,Could not map slug to a single post.,200,attachment_delete_media,5026,https://defiliban.io/wp-content/uploads/2025/09/2025-09-22T151152.288Zunnamed.png
https://defiliban.io/blockdag-could-break-into-the-top-20-with-record-breaking-430m-raise/,1970-01-01,200,Indexable,,52,1237,1,single_slug;blockdag_cluster;wordcount_1200_plus,BlockDAG Could Break into the Top 20 with Record-Breaking $430M+ Raise,delete_or_noindex,high,Promotional or low-trust investment-style URL; better pruned or deprioritized.,blockdag-could-break-into-the-top-20-with-record-breaking-430m-raise,,,,lookup_failed,lookup_failed,Could not map slug to a single post.,200,attachment_delete_media,5921,https://defiliban.io/wp-content/uploads/2025/10/2025-10-22T094837.313Zunnamed.png
https://defiliban.io/blockdag-crosses-403m-mark-as-solana-stabilizes-and-cronos-stalls/,1970-01-01,200,Indexable,,51,1099,1,single_slug;blockdag_cluster,BlockDAG Crosses $403M Mark as Solana Stabilizes and Cronos Stalls,delete_or_noindex,high,Promotional or low-trust investment-style URL; better pruned or deprioritized.,blockdag-crosses-403m-mark-as-solana-stabilizes-and-cronos-stalls,,,,lookup_failed,lookup_failed,Could not map slug to a single post.,200,attachment_delete_media,4633,https://defiliban.io/wp-content/uploads/2025/09/2025-09-10T161942.349Zunnamed.png
https://defiliban.io/blockdag-explorer-real-time-insights-into-the-future-of-blockchain/,1970-01-01,200,Indexable,,55,929,1,single_slug;blockdag_cluster,BlockDAG Explorer: Real-Time Insights into the Future of Blockchain,delete_or_noindex,high,Promotional or low-trust investment-style URL; better pruned or deprioritized.,blockdag-explorer-real-time-insights-into-the-future-of-blockchain,,,,lookup_failed,lookup_failed,Could not map slug to a single post.,200,attachment_delete_media,4369,https://defiliban.io/wp-content/uploads/2025/09/2025-09-03T144948.716Zunnamed.png
https://defiliban.io/blockdag-founder-antony-turners-430m-transparent-crypto-project/,1970-01-01,200,Indexable,,55,1288,1,single_slug;blockdag_cluster;wordcount_1200_plus,BlockDAG Founder Antony Turner’s $430M+ Transparent Crypto Project,delete_or_noindex,high,Promotional or low-trust investment-style URL; better pruned or deprioritized.,blockdag-founder-antony-turners-430m-transparent-crypto-project,,,,lookup_failed,lookup_failed,Could not map slug to a single post.,200,attachment_delete_media,5935,https://defiliban.io/wp-content/uploads/2025/10/2025-10-22T112126.162Zunnamed.png
https://defiliban.io/blockdag-nearing-410m-vs-hype-kaspa-which-is-the-top-crypto-for-2025/,1970-01-01,200,Indexable,,49,1105,1,single_slug;blockdag_cluster,BlockDAG Nearing $410M vs HYPE & Kaspa: Which is the Top Crypto for 2025?,delete_or_noindex,high,Promotional or low-trust investment-style URL; better pruned or deprioritized.,blockdag-nearing-410m-vs-hype-kaspa-which-is-the-top-crypto-for-2025,,,,lookup_failed,lookup_failed,Could not map slug to a single post.,200,attachment_delete_media,4812,https://defiliban.io/wp-content/uploads/2025/09/2025-09-16T101234.854Zunnamed.png
https://defiliban.io/blockdag-prepares-for-market-debut-at-singapore-deployment-event/,1970-01-01,200,Indexable,,54,1044,1,single_slug;blockdag_cluster,BlockDAG Prepares for Market Debut at Singapore Deployment Event!,delete_or_noindex,high,Promotional or low-trust investment-style URL; better pruned or deprioritized.,blockdag-prepares-for-market-debut-at-singapore-deployment-event,,,,lookup_failed,lookup_failed,Could not map slug to a single post.,200,attachment_delete_media,4561,https://defiliban.io/wp-content/uploads/2025/09/2025-09-09T163306.683Zunnamed.png
https://defiliban.io/blockdag-presale-nears-410m-tops-little-pepe-remittix/,1970-01-01,200,Indexable,,53,1068,1,single_slug;blockdag_cluster,BlockDAG Presale Nears $410M & Tops Little Pepe & Remittix,delete_or_noindex,high,Promotional or low-trust investment-style URL; better pruned or deprioritized.,blockdag-presale-nears-410m-tops-little-pepe-remittix,,,,lookup_failed,lookup_failed,Could not map slug to a single post.,200,attachment_delete_media,4860,https://defiliban.io/wp-content/uploads/2025/09/2025-09-17T133016.509Zunnamed.png
https://defiliban.io/blockdag-presale-over-410m-xrp-gains-kaspa-faces-pressure/,1970-01-01,200,Indexable,,50,1067,1,single_slug;blockdag_cluster,"BlockDAG Presale Over $410M, XRP Gains, Kaspa Faces Pressure",delete_or_noindex,high,Promotional or low-trust investment-style URL; better pruned or deprioritized.,blockdag-presale-over-410m-xrp-gains-kaspa-faces-pressure,,,,lookup_failed,lookup_failed,Could not map slug to a single post.,200,attachment_delete_media,5019,https://defiliban.io/wp-content/uploads/2025/09/2025-09-22T150147.204Zunnamed.png
https://defiliban.io/blockdag-raises-395m-as-dogecoin-drops-injective-slides/,1970-01-01,200,Indexable,,51,1267,1,single_slug;blockdag_cluster;wordcount_1200_plus,BlockDAG Raises $395M as Dogecoin Drops & Injective Slides,delete_or_noindex,high,Promotional or low-trust investment-style URL; better pruned or deprioritized.,blockdag-raises-395m-as-dogecoin-drops-injective-slides,,,,lookup_failed,lookup_failed,Could not map slug to a single post.,200,attachment_delete_media,4376,https://defiliban.io/wp-content/uploads/2025/09/2025-09-03T145708.250Zunnamed.png
https://defiliban.io/blockdag-raises-nearly-410m-before-testnet-launch/,1970-01-01,200,Indexable,,57,1115,1,single_slug;blockdag_cluster,BlockDAG Raises Nearly $410M Before Testnet Launch,delete_or_noindex,high,Promotional or low-trust investment-style URL; better pruned or deprioritized.,blockdag-raises-nearly-410m-before-testnet-launch,,,,lookup_failed,lookup_failed,Could not map slug to a single post.,200,attachment_delete_media,4901,https://defiliban.io/wp-content/uploads/2025/09/2025-09-19T080813.844Zunnamed.png
https://defiliban.io/blockdag-referral-program-the-ultimate-crypto-side-hustle/,1970-01-01,200,Indexable,,57,953,1,single_slug;blockdag_cluster,BlockDAG Referral Program: The Ultimate Crypto Side Hustle,delete_or_noindex,high,Promotional or low-trust investment-style URL; better pruned or deprioritized.,blockdag-referral-program-the-ultimate-crypto-side-hustle,,,,lookup_failed,lookup_failed,Could not map slug to a single post.,200,manual_or_unknown,no post/media REST match,
https://defiliban.io/blockdag-review-387m-presale-2900-roi-real-tools/,1970-01-01,200,Indexable,,54,976,1,single_slug;blockdag_cluster,"BlockDAG Review: $387M Presale, 2,900% ROI & Real Tools",delete_or_noindex,high,Promotional or low-trust investment-style URL; better pruned or deprioritized.,blockdag-review-387m-presale-2900-roi-real-tools,,,,lookup_failed,lookup_failed,Could not map slug to a single post.,200,attachment_delete_media,4264,https://defiliban.io/wp-content/uploads/2025/08/2025-08-30T143411.371Zunnamed.png
https://defiliban.io/blockdag-review-viral-presale-or-real-web3-ecosystem/,1970-01-01,200,Indexable,,52,920,1,single_slug;blockdag_cluster,BlockDAG Review: Viral Presale or Real Web3 Ecosystem?,delete_or_noindex,high,Promotional or low-trust investment-style URL; better pruned or deprioritized.,blockdag-review-viral-presale-or-real-web3-ecosystem,,,,lookup_failed,lookup_failed,Could not map slug to a single post.,200,attachment_delete_media,4146,https://defiliban.io/wp-content/uploads/2025/08/2025-08-27T141452.427Zunnamed.png
https://defiliban.io/blockdag-soars-while-bnb-cardano-remain-among-the-best-crypto-coins-to-buy-today/,1970-01-01,200,Indexable,,53,1035,1,single_slug;blockdag_cluster,BlockDAG Soars While BNB & Cardano Remain Among the Best Crypto Coins to Buy Today,delete_or_noindex,high,Promotional or low-trust investment-style URL; better pruned or deprioritized.,blockdag-soars-while-bnb-cardano-remain-among-the-best-crypto-coins-to-buy-today,,,,lookup_failed,lookup_failed,Could not map slug to a single post.,200,attachment_delete_media,5187,https://defiliban.io/wp-content/uploads/2025/09/2025-09-28T110140.020Zunnamed.png
https://defiliban.io/blockdag-vs-ada-ondo-most-popular-cryptocurrency-of-2025/,1970-01-01,200,Indexable,,52,960,1,single_slug;blockdag_cluster,BlockDAG vs ADA & ONDO: Most Popular Cryptocurrency of 2025?,delete_or_noindex,high,Promotional or low-trust investment-style URL; better pruned or deprioritized.,blockdag-vs-ada-ondo-most-popular-cryptocurrency-of-2025,,,,lookup_failed,lookup_failed,Could not map slug to a single post.,200,attachment_delete_media,4806,https://defiliban.io/wp-content/uploads/2025/09/2025-09-16T100530.743Zunnamed.png
https://defiliban.io/blockdag-vs-cardano-vs-ethereum-testnet-and-real-features/,1970-01-01,200,Indexable,,52,976,1,single_slug;blockdag_cluster,BlockDAG vs Cardano vs Ethereum: Testnet and Real Features,delete_or_noindex,high,Promotional or low-trust investment-style URL; better pruned or deprioritized.,blockdag-vs-cardano-vs-ethereum-testnet-and-real-features,,,,lookup_failed,lookup_failed,Could not map slug to a single post.,200,attachment_delete_media,4864,https://defiliban.io/wp-content/uploads/2025/09/2025-09-17T133458.077Zunnamed.png
https://defiliban.io/blockdag-vs-little-pepe-presale-best-crypto-presale-list-pick-now/,1970-01-01,200,Indexable,,54,1082,1,single_slug;blockdag_cluster,BlockDAG vs Little Pepe Presale: Best Crypto Presale List Pick Now,delete_or_noindex,high,Promotional or low-trust investment-style URL; better pruned or deprioritized.,blockdag-vs-little-pepe-presale-best-crypto-presale-list-pick-now,,,,lookup_failed,lookup_failed,Could not map slug to a single post.,200,attachment_delete_media,5142,https://defiliban.io/wp-content/uploads/2025/09/2025-09-26T133838.043Zunnamed.png
https://defiliban.io/blockdags-2049-bonus-at-token2049-surpasses-xrp-and-avax-in-the-best-crypto-to-invest-in-now-debate/,1970-01-01,200,Indexable,,48,1163,1,single_slug;blockdag_cluster,BlockDAG’s 2049% Bonus at Token2049 Surpasses XRP and AVAX in the Best Crypto to Invest in Now Debate,delete_or_noindex,high,Promotional or low-trust investment-style URL; better pruned or deprioritized.,blockdags-2049-bonus-at-token2049-surpasses-xrp-and-avax-in-the-best-crypto-to-invest-in-now-debate,,,,lookup_failed,lookup_failed,Could not map slug to a single post.,200,attachment_delete_media,4226,https://defiliban.io/wp-content/uploads/2025/08/2025-08-29T100531.021Zunnamed.png
https://defiliban.io/blockdags-387m-presale-beats-toncoin-and-hyperliquid/,1970-01-01,200,Indexable,,54,1099,1,single_slug;blockdag_cluster,BlockDAG’s $387M Presale Beats Toncoin and Hyperliquid,delete_or_noindex,high,Promotional or low-trust investment-style URL; better pruned or deprioritized.,blockdags-387m-presale-beats-toncoin-and-hyperliquid,,,,lookup_failed,lookup_failed,Could not map slug to a single post.,200,attachment_delete_media,4268,https://defiliban.io/wp-content/uploads/2025/08/2025-08-30T143914.662Zunnamed.png
https://defiliban.io/blockdags-3m-x1-app-users-token2049-buzz-and-price-prediction-outpace-aave-and-hedera/,1970-01-01,200,Indexable,,54,1136,1,single_slug;blockdag_cluster,"BlockDAG’s 3M X1 App Users, Token2049 Buzz, and Price Prediction Outpace Aave and Hedera",delete_or_noindex,high,Promotional or low-trust investment-style URL; better pruned or deprioritized.,blockdags-3m-x1-app-users-token2049-buzz-and-price-prediction-outpace-aave-and-hedera,,,,lookup_failed,lookup_failed,Could not map slug to a single post.,200,attachment_delete_media,4186,https://defiliban.io/wp-content/uploads/2025/08/2025-08-28T143950.259Zunnamed.png
https://defiliban.io/blockdags-410m-raise-miner-reviews-prove-its-the-best-crypto-to-buy/,1970-01-01,200,Indexable,,52,1276,1,single_slug;blockdag_cluster;wordcount_1200_plus,BlockDAG’s $410M Raise & Miner Reviews Prove It’s the Best Crypto to Buy,delete_or_noindex,high,Promotional or low-trust investment-style URL; better pruned or deprioritized.,blockdags-410m-raise-miner-reviews-prove-its-the-best-crypto-to-buy,,,,lookup_failed,lookup_failed,Could not map slug to a single post.,200,attachment_delete_media,4899,https://defiliban.io/wp-content/uploads/2025/09/2025-09-19T080444.314Zunnamed.png
https://defiliban.io/blockdags-435m-presale-surpasses-hyperliquid-sei-ahead-of-genesis-day/,1970-01-01,200,Indexable,,53,1081,1,single_slug;blockdag_cluster,BlockDAG’s $435M Presale Surpasses Hyperliquid & SEI Ahead of GENESIS DAY,delete_or_noindex,high,Promotional or low-trust investment-style URL; better pruned or deprioritized.,blockdags-435m-presale-surpasses-hyperliquid-sei-ahead-of-genesis-day,,,,lookup_failed,lookup_failed,Could not map slug to a single post.,200,attachment_delete_media,6229,https://defiliban.io/wp-content/uploads/2025/10/2025-10-29T113523.089Zunnamed.png
https://defiliban.io/blockdags-almost-405m-presale-dominates-as-ton-uni-hold/,1970-01-01,200,Indexable,,51,982,1,single_slug;blockdag_cluster,BlockDAG’s Almost $405M Presale Dominates as TON & UNI Hold,delete_or_noindex,high,Promotional or low-trust investment-style URL; better pruned or deprioritized.,blockdags-almost-405m-presale-dominates-as-ton-uni-hold,,,,lookup_failed,lookup_failed,Could not map slug to a single post.,200,attachment_delete_media,4635,https://defiliban.io/wp-content/uploads/2025/09/2025-09-10T162238.592Zunnamed.png
https://defiliban.io/blockdags-pow-dag-hybrid-system-solves-blockchains-longtime-problem-and-emerges-as-the-best-crypto-coin/,1970-01-01,200,Indexable,,55,1343,1,single_slug;blockdag_cluster;wordcount_1200_plus,BlockDAG’s PoW-DAG Hybrid System Solves Blockchain’s Longtime Problem and Emerges as the Best Crypto Coin,delete_or_noindex,high,Promotional or low-trust investment-style URL; better pruned or deprioritized.,blockdags-pow-dag-hybrid-system-solves-blockchains-longtime-problem-and-emerges-as-the-best-crypto-coin,,,,lookup_failed,lookup_failed,Could not map slug to a single post.,200,attachment_delete_media,5888,https://defiliban.io/wp-content/uploads/2025/10/2025-10-21T151148.954Zunnamed.png
https://defiliban.io/bnb-targets-1k-aave-aims-for-628-yet-bdag-dominates-with-387m-presale/,1970-01-01,200,Indexable,,51,1085,1,single_slug,"BNB Targets $1K, Aave Aims for $628, Yet BDAG Dominates with $387M Presale",delete_or_noindex,high,Promotional or low-trust investment-style URL; better pruned or deprioritized.,bnb-targets-1k-aave-aims-for-628-yet-bdag-dominates-with-387m-presale,,,,lookup_failed,lookup_failed,Could not map slug to a single post.,200,attachment_delete_media,4270,https://defiliban.io/wp-content/uploads/2025/08/2025-08-30T144056.062Zunnamed.png
https://defiliban.io/bonk-tumbles-pi-slows-blockdag-soars-past-403m/,1970-01-01,200,Indexable,,51,1084,1,single_slug;blockdag_cluster,"BONK Tumbles, Pi Slows, BlockDAG Soars Past $403M!",delete_or_noindex,high,Promotional or low-trust investment-style URL; better pruned or deprioritized.,bonk-tumbles-pi-slows-blockdag-soars-past-403m,,,,lookup_failed,lookup_failed,Could not map slug to a single post.,200,attachment_delete_media,4557,https://defiliban.io/wp-content/uploads/2025/09/2025-09-09T162745.529Zunnamed.png
https://defiliban.io/cardano-rally-potential-stalls-hyperliquid-price-at-54-blockdag-miners-deliver/,1970-01-01,200,Indexable,,50,1298,1,single_slug;blockdag_cluster;wordcount_1200_plus,"Cardano Rally Potential Stalls, Hyperliquid Price at $54, BlockDAG Miners Deliver",delete_or_noindex,high,Promotional or low-trust investment-style URL; better pruned or deprioritized.,cardano-rally-potential-stalls-hyperliquid-price-at-54-blockdag-miners-deliver,,,,lookup_failed,lookup_failed,Could not map slug to a single post.,200,attachment_delete_media,4996,https://defiliban.io/wp-content/uploads/2025/09/2025-09-21T150208.449Zunnamed.png
https://defiliban.io/crypto-news-blockdag-raises-385m-as-pi-volume-crashes-ondo-stalls/,1970-01-01,200,Indexable,,54,1098,1,single_slug;blockdag_cluster,Crypto News: BlockDAG Raises $385M as Pi Volume Crashes & ONDO Stalls,delete_or_noindex,high,Promotional or low-trust investment-style URL; better pruned or deprioritized.,crypto-news-blockdag-raises-385m-as-pi-volume-crashes-ondo-stalls,,,,lookup_failed,lookup_failed,Could not map slug to a single post.,200,attachment_delete_media,4152,https://defiliban.io/wp-content/uploads/2025/08/2025-08-27T145225.638Zunnamed.png
https://defiliban.io/doge-eth-and-blockdag-405m-surge-redefines-2025/,1970-01-01,200,Indexable,,53,1110,1,single_slug;blockdag_cluster,"DOGE, ETH, and BlockDAG: $405M+ Surge Redefines 2025",delete_or_noindex,high,Promotional or low-trust investment-style URL; better pruned or deprioritized.,doge-eth-and-blockdag-405m-surge-redefines-2025,,,,lookup_failed,lookup_failed,Could not map slug to a single post.,200,attachment_delete_media,4810,https://defiliban.io/wp-content/uploads/2025/09/2025-09-16T100944.684Zunnamed.png
https://defiliban.io/ethereum-eyes-5k-uni-holds-10-blockdag-presale-nears-600m/,1970-01-01,200,Indexable,,51,957,1,single_slug;blockdag_cluster,"Ethereum Eyes $5K, UNI Holds $10, BlockDAG Presale Nears $600M",delete_or_noindex,high,Promotional or low-trust investment-style URL; better pruned or deprioritized.,ethereum-eyes-5k-uni-holds-10-blockdag-presale-nears-600m,,,,lookup_failed,lookup_failed,Could not map slug to a single post.,200,attachment_delete_media,4301,https://defiliban.io/wp-content/uploads/2025/08/2025-08-31T163147.322Zunnamed.png
https://defiliban.io/ethereum-marches-toward-4500-avalanche-tests-resistance-and-blockdags-presale-hits-430m-milestone-ahead-of-genesis-day/,1970-01-01,200,Indexable,,57,1172,1,single_slug;blockdag_cluster,"Ethereum Marches Toward $4,500, Avalanche Tests Resistance, and BlockDAG’s Presale Hits $430M Milestone Ahead of Genesis Day!",delete_or_noindex,high,Promotional or low-trust investment-style URL; better pruned or deprioritized.,ethereum-marches-toward-4500-avalanche-tests-resistance-and-blockdags-presale-hits-430m-milestone-ahead-of-genesis-day,,,,lookup_failed,lookup_failed,Could not map slug to a single post.,200,attachment_delete_media,5883,https://defiliban.io/wp-content/uploads/2025/10/2025-10-21T125546.838Zunnamed.png
https://defiliban.io/heres-why-blockdags-binance-ama-could-mark-its-leap-into-the-mainstream/,1970-01-01,200,Indexable,,55,1330,1,single_slug;blockdag_cluster;wordcount_1200_plus,Here’s Why BlockDAG’s Binance AMA Could Mark Its Leap Into the Mainstream!,delete_or_noindex,high,Promotional or low-trust investment-style URL; better pruned or deprioritized.,heres-why-blockdags-binance-ama-could-mark-its-leap-into-the-mainstream,,,,lookup_failed,lookup_failed,Could not map slug to a single post.,200,attachment_delete_media,5953,https://defiliban.io/wp-content/uploads/2025/10/2025-10-22T135541.799Zunnamed.png
https://defiliban.io/highest-roi-cryptos-in-2025-blockdag-sol-ltc-bnb-ranked/,1970-01-01,200,Indexable,,56,1041,1,single_slug;blockdag_cluster,"Highest-ROI Cryptos in 2025: BlockDAG, SOL, LTC, & BNB Ranked",delete_or_noindex,high,Promotional or low-trust investment-style URL; better pruned or deprioritized.,highest-roi-cryptos-in-2025-blockdag-sol-ltc-bnb-ranked,,,,lookup_failed,lookup_failed,Could not map slug to a single post.,200,attachment_delete_media,4406,https://defiliban.io/wp-content/uploads/2025/09/2025-09-04T113056.494Zunnamed.png
https://defiliban.io/how-blockdags-x-series-miners-are-reshaping-crypto-mining-in-2025/,1970-01-01,200,Indexable,,52,1039,1,single_slug;blockdag_cluster,How BlockDAG’s X-Series Miners Are Reshaping Crypto Mining in 2025!,delete_or_noindex,high,Promotional or low-trust investment-style URL; better pruned or deprioritized.,how-blockdags-x-series-miners-are-reshaping-crypto-mining-in-2025,,,,lookup_failed,lookup_failed,Could not map slug to a single post.,200,attachment_delete_media,4795,https://defiliban.io/wp-content/uploads/2025/09/2025-09-16T095353.736Zunnamed.png
https://defiliban.io/hugs-the-new-crypto-presale-with-1000x-potential-returns-hidden-behind-the-cuteness/,1970-01-01,200,Indexable,,56,1385,1,single_slug;wordcount_1200_plus,$HUGS: The New Crypto Presale With 1000x Potential Returns Hidden Behind the Cuteness,delete_or_noindex,high,Promotional or low-trust investment-style URL; better pruned or deprioritized.,hugs-the-new-crypto-presale-with-1000x-potential-returns-hidden-behind-the-cuteness,,,,lookup_failed,lookup_failed,Could not map slug to a single post.,200,attachment_delete_media,6207,https://defiliban.io/wp-content/uploads/2025/10/2025-10-28T161938.287Zunnamed.png
https://defiliban.io/is-blockdag-legit-430m-raised-27b-coins-sold-historic-formula-1-partnership-say-absolutely-yes/,1970-01-01,200,Indexable,,52,1219,1,single_slug;blockdag_cluster;wordcount_1200_plus,"Is BlockDAG Legit? $430M Raised, 27B+ Coins Sold, & Historic Formula 1® Partnership Say Absolutely Yes",delete_or_noindex,high,Promotional or low-trust investment-style URL; better pruned or deprioritized.,is-blockdag-legit-430m-raised-27b-coins-sold-historic-formula-1-partnership-say-absolutely-yes,,,,lookup_failed,lookup_failed,Could not map slug to a single post.,200,attachment_delete_media,5877,https://defiliban.io/wp-content/uploads/2025/10/2025-10-21T121145.654Zunnamed.png
https://defiliban.io/link-surge-sol-structure-why-blockdag-leads-best-long-term-crypto/,1970-01-01,200,Indexable,,54,1025,1,single_slug;blockdag_cluster,"LINK Surge, SOL Structure & Why BlockDAG Leads Best Long Term Crypto",delete_or_noindex,high,Promotional or low-trust investment-style URL; better pruned or deprioritized.,link-surge-sol-structure-why-blockdag-leads-best-long-term-crypto,,,,lookup_failed,lookup_failed,Could not map slug to a single post.,200,attachment_delete_media,4144,https://defiliban.io/wp-content/uploads/2025/08/2025-08-27T141238.852Zunnamed.png
https://defiliban.io/looking-for-the-best-crypto-right-now-experts-back-blockdags-430m-presale-as-it-surges-past-tron-cardano-chainlink/,1970-01-01,200,Indexable,,56,1151,1,single_slug;blockdag_cluster,"Looking For The Best Crypto Right Now? Experts Back BlockDAG’s $430M Presale as it Surges Past Tron, Cardano & Chainlink!",delete_or_noindex,high,Promotional or low-trust investment-style URL; better pruned or deprioritized.,looking-for-the-best-crypto-right-now-experts-back-blockdags-430m-presale-as-it-surges-past-tron-cardano-chainlink,,,,lookup_failed,lookup_failed,Could not map slug to a single post.,200,attachment_delete_media,5879,https://defiliban.io/wp-content/uploads/2025/10/2025-10-21T125119.200Zunnamed.png
https://defiliban.io/mutm-soars-250-ozak-ai-raises-2-5m-while-blockdag-sells-19-7k-miners/,1970-01-01,200,Indexable,,49,1030,1,single_slug;blockdag_cluster,"MUTM Soars 250%, Ozak AI Raises $2.5M While BlockDAG Sells 19.7k Miners",delete_or_noindex,high,Promotional or low-trust investment-style URL; better pruned or deprioritized.,mutm-soars-250-ozak-ai-raises-2-5m-while-blockdag-sells-19-7k-miners,,,,lookup_failed,lookup_failed,Could not map slug to a single post.,200,attachment_delete_media,4566,https://defiliban.io/wp-content/uploads/2025/09/2025-09-09T163658.604Zunnamed.png
https://defiliban.io/pepemine-blockchainfx-overshadowed-by-blockdags-403m-presale/,1970-01-01,200,Indexable,,55,1104,1,single_slug;blockdag_cluster,"PEPEMINE, BlockchainFX Overshadowed by BlockDAG’s $403M Presale",delete_or_noindex,high,Promotional or low-trust investment-style URL; better pruned or deprioritized.,pepemine-blockchainfx-overshadowed-by-blockdags-403m-presale,,,,lookup_failed,lookup_failed,Could not map slug to a single post.,200,attachment_delete_media,4559,https://defiliban.io/wp-content/uploads/2025/09/2025-09-09T163003.687Zunnamed.png
https://defiliban.io/pi-network-weakens-pengu-stalls-blockdag-presale-surges-over-410m/,1970-01-01,200,Indexable,,51,1095,1,single_slug;blockdag_cluster,"PI Network Weakens, PENGU Stalls, BlockDAG Presale Surges over $410M",delete_or_noindex,high,Promotional or low-trust investment-style URL; better pruned or deprioritized.,pi-network-weakens-pengu-stalls-blockdag-presale-surges-over-410m,,,,lookup_failed,lookup_failed,Could not map slug to a single post.,200,attachment_delete_media,5185,https://defiliban.io/wp-content/uploads/2025/09/2025-09-28T110007.845Zunnamed.png
https://defiliban.io/polygon-market-outlook-climbs-shiba-inu-struggles-blockdag-dashboard-v4-leads/,1970-01-01,200,Indexable,,52,1053,1,single_slug;blockdag_cluster,"Polygon Market Outlook Climbs, Shiba Inu Struggles, BlockDAG Dashboard V4 Leads",delete_or_noindex,high,Promotional or low-trust investment-style URL; better pruned or deprioritized.,polygon-market-outlook-climbs-shiba-inu-struggles-blockdag-dashboard-v4-leads,,,,lookup_failed,lookup_failed,Could not map slug to a single post.,200,attachment_delete_media,4230,https://defiliban.io/wp-content/uploads/2025/08/2025-08-29T100859.700Zunnamed.png
https://defiliban.io/shibs-price-outlook-bonk-forecast-blockdags-rapid-395m-rise/,1970-01-01,200,Indexable,,50,1110,1,single_slug;blockdag_cluster,"SHIB’s Price Outlook, BONK Forecast, & BlockDAG’s Rapid $395M Rise",delete_or_noindex,high,Promotional or low-trust investment-style URL; better pruned or deprioritized.,shibs-price-outlook-bonk-forecast-blockdags-rapid-395m-rise,,,,lookup_failed,lookup_failed,Could not map slug to a single post.,200,attachment_delete_media,4404,https://defiliban.io/wp-content/uploads/2025/09/2025-09-04T112906.095Zunnamed.png
https://defiliban.io/sol-holds-strong-xrp-correlates-with-btc-blockdag-surges-past-410m/,1970-01-01,200,Indexable,,56,1194,1,single_slug;blockdag_cluster,"SOL Holds Strong, XRP Correlates With BTC, BlockDAG Surges Past $410M!",delete_or_noindex,high,Promotional or low-trust investment-style URL; better pruned or deprioritized.,sol-holds-strong-xrp-correlates-with-btc-blockdag-surges-past-410m,,,,lookup_failed,lookup_failed,Could not map slug to a single post.,200,attachment_delete_media,5084,https://defiliban.io/wp-content/uploads/2025/09/2025-09-24T161058.075Zunnamed.png
https://defiliban.io/solana-dips-below-200-polygon-stalls-blockdag-hits-395m-milestone/,1970-01-01,200,Indexable,,49,1046,1,single_slug;blockdag_cluster,"Solana Dips Below $200, Polygon Stalls, BlockDAG Hits $395M Milestone!",delete_or_noindex,high,Promotional or low-trust investment-style URL; better pruned or deprioritized.,solana-dips-below-200-polygon-stalls-blockdag-hits-395m-milestone,,,,lookup_failed,lookup_failed,Could not map slug to a single post.,200,attachment_delete_media,4419,https://defiliban.io/wp-content/uploads/2025/09/2025-09-04T155419.298Zunnamed.png
https://defiliban.io/solana-ethereum-vs-blockdag-awakening-testnet-signals-best-crypto-to-buy-now/,1970-01-01,200,Indexable,,51,1216,1,single_slug;blockdag_cluster;wordcount_1200_plus,Solana & Ethereum vs BlockDAG: Awakening Testnet Signals Best Crypto to Buy Now,delete_or_noindex,high,Promotional or low-trust investment-style URL; better pruned or deprioritized.,solana-ethereum-vs-blockdag-awakening-testnet-signals-best-crypto-to-buy-now,,,,lookup_failed,lookup_failed,Could not map slug to a single post.,200,attachment_delete_media,5113,https://defiliban.io/wp-content/uploads/2025/09/2025-09-25T114031.559Zunnamed.png
https://defiliban.io/solana-vs-blockdag-which-is-the-best-crypto-to-buy-now/,1970-01-01,200,Indexable,,55,1345,1,single_slug;blockdag_cluster;wordcount_1200_plus,Solana vs BlockDAG: Which Is the Best Crypto to Buy Now?,delete_or_noindex,high,Promotional or low-trust investment-style URL; better pruned or deprioritized.,solana-vs-blockdag-which-is-the-best-crypto-to-buy-now,,,,lookup_failed,lookup_failed,Could not map slug to a single post.,200,attachment_delete_media,5082,https://defiliban.io/wp-content/uploads/2025/09/2025-09-24T160614.347Zunnamed.png
https://defiliban.io/solana-xrp-blockdag-trail-top-crypto-coins/,1970-01-01,200,Indexable,,53,1029,1,single_slug;blockdag_cluster,"Solana, XRP & BlockDAG Trail Top Crypto Coins",delete_or_noindex,high,Promotional or low-trust investment-style URL; better pruned or deprioritized.,solana-xrp-blockdag-trail-top-crypto-coins,,,,lookup_failed,lookup_failed,Could not map slug to a single post.,200,attachment_delete_media,5937,https://defiliban.io/wp-content/uploads/2025/10/2025-10-22T113753.753Zunnamed.png
https://defiliban.io/stellar-slides-ondo-builds-blockdags-buyer-battles-drive-presale-to-388m/,1970-01-01,200,Indexable,,52,1149,1,single_slug;blockdag_cluster,"Stellar Slides, ONDO Builds, BlockDAG’s Buyer Battles Drive Presale to $388M!",delete_or_noindex,high,Promotional or low-trust investment-style URL; better pruned or deprioritized.,stellar-slides-ondo-builds-blockdags-buyer-battles-drive-presale-to-388m,,,,lookup_failed,lookup_failed,Could not map slug to a single post.,200,attachment_delete_media,4321,https://defiliban.io/wp-content/uploads/2025/09/2025-09-01T150109.723Zunnamed.png
https://defiliban.io/sui-expands-avax-breaks-out-blockdag-ships-hardware-worldwide/,1970-01-01,200,Indexable,,50,1242,1,single_slug;blockdag_cluster;wordcount_1200_plus,"SUI Expands, AVAX Breaks Out, BlockDAG Ships Hardware Worldwide!",delete_or_noindex,high,Promotional or low-trust investment-style URL; better pruned or deprioritized.,sui-expands-avax-breaks-out-blockdag-ships-hardware-worldwide,,,,lookup_failed,lookup_failed,Could not map slug to a single post.,200,attachment_delete_media,5111,https://defiliban.io/wp-content/uploads/2025/09/2025-09-25T113838.000Zunnamed.png
https://defiliban.io/sui-struggles-and-shib-leans-on-hype-and-blockdag-presale-surges-past-388m/,1970-01-01,200,Indexable,,51,1049,1,single_slug;blockdag_cluster,"SUI Struggles and SHIB Leans on Hype, and BlockDAG Presale Surges Past $388M!",delete_or_noindex,high,Promotional or low-trust investment-style URL; better pruned or deprioritized.,sui-struggles-and-shib-leans-on-hype-and-blockdag-presale-surges-past-388m,,,,lookup_failed,lookup_failed,Could not map slug to a single post.,200,attachment_delete_media,4299,https://defiliban.io/wp-content/uploads/2025/08/2025-08-31T163026.452Zunnamed.png
https://defiliban.io/the-4-best-crypto-to-invest-in-now-blockdag-binance-coin-dogecoin-and-polkadot/,1970-01-01,200,Indexable,,52,1209,1,single_slug;blockdag_cluster;wordcount_1200_plus,"The 4 Best Crypto to Invest in Now: BlockDAG, Binance Coin, Dogecoin, and Polkadot!",delete_or_noindex,high,Promotional or low-trust investment-style URL; better pruned or deprioritized.,the-4-best-crypto-to-invest-in-now-blockdag-binance-coin-dogecoin-and-polkadot,,,,lookup_failed,lookup_failed,Could not map slug to a single post.,200,attachment_delete_media,6203,https://defiliban.io/wp-content/uploads/2025/10/2025-10-28T161745.291Zunnamed.png
https://defiliban.io/top-2025-crypto-buys-blockdag-xrp-more/,1970-01-01,200,Indexable,,55,1241,1,single_slug;blockdag_cluster;wordcount_1200_plus,"Top 2025 Crypto Buys: BlockDAG, XRP & More",delete_or_noindex,high,Promotional or low-trust investment-style URL; better pruned or deprioritized.,top-2025-crypto-buys-blockdag-xrp-more,,,,lookup_failed,lookup_failed,Could not map slug to a single post.,200,attachment_delete_media,5943,https://defiliban.io/wp-content/uploads/2025/10/2025-10-22T120832.036Zunnamed.png
https://defiliban.io/top-4-altcoins-to-buy-today-blockdag-leads-with-2049-bonus-followed-by-arb-uni-aave/,1970-01-01,200,Indexable,,57,1120,1,single_slug;blockdag_cluster,"Top 4 Altcoins to Buy Today: BlockDAG Leads with 2049% Bonus, Followed by ARB, UNI & AAVE",delete_or_noindex,high,Promotional or low-trust investment-style URL; better pruned or deprioritized.,top-4-altcoins-to-buy-today-blockdag-leads-with-2049-bonus-followed-by-arb-uni-aave,,,,lookup_failed,lookup_failed,Could not map slug to a single post.,200,attachment_delete_media,4184,https://defiliban.io/wp-content/uploads/2025/08/2025-08-28T143658.047Zunnamed.png
https://defiliban.io/top-altcoins-to-buy-before-2025s-big-market-rally-blockdag-bittensor-binance-coin-solana/,1970-01-01,200,Indexable,,53,1118,1,single_slug;blockdag_cluster,"Top Altcoins to Buy Before 2025’s Big Market Rally: BlockDAG, Bittensor, Binance Coin, & Solana",delete_or_noindex,high,Promotional or low-trust investment-style URL; better pruned or deprioritized.,top-altcoins-to-buy-before-2025s-big-market-rally-blockdag-bittensor-binance-coin-solana,,,,lookup_failed,lookup_failed,Could not map slug to a single post.,200,attachment_delete_media,6260,https://defiliban.io/wp-content/uploads/2025/10/2025-10-30T115228.022Zunnamed.png
https://defiliban.io/top-crypto-coins-for-2025-bitcoin-cash-dips-to-475-arbitrum-holds-while-blockdag-presale-kicks-into-high-gear-with-f1-deal/,1970-01-01,200,Indexable,,53,1263,1,single_slug;blockdag_cluster;wordcount_1200_plus,Top Crypto Coins for 2025: Bitcoin Cash Dips to $475 & Arbitrum Holds While BlockDAG Presale Kicks into High Gear With F1® Deal,delete_or_noindex,high,Promotional or low-trust investment-style URL; better pruned or deprioritized.,top-crypto-coins-for-2025-bitcoin-cash-dips-to-475-arbitrum-holds-while-blockdag-presale-kicks-into-high-gear-with-f1-deal,,,,lookup_failed,lookup_failed,Could not map slug to a single post.,200,attachment_delete_media,5881,https://defiliban.io/wp-content/uploads/2025/10/2025-10-21T125344.888Zunnamed.png
https://defiliban.io/top-crypto-coins-in-2025-blockdag-solana-near-xrp-take-the-lead/,1970-01-01,200,Indexable,,50,1114,1,single_slug;blockdag_cluster,"Top Crypto Coins in 2025: BlockDAG, Solana, NEAR & XRP Take the Lead",delete_or_noindex,high,Promotional or low-trust investment-style URL; better pruned or deprioritized.,top-crypto-coins-in-2025-blockdag-solana-near-xrp-take-the-lead,,,,lookup_failed,lookup_failed,Could not map slug to a single post.,200,attachment_delete_media,4325,https://defiliban.io/wp-content/uploads/2025/09/2025-09-01T150651.548Zunnamed.png
https://defiliban.io/top-crypto-coins-to-invest-why-blockdag-cro-ltc-shib-matter/,1970-01-01,200,Indexable,,50,1041,1,single_slug;blockdag_cluster,"Top Crypto Coins to Invest: Why BlockDAG, CRO, LTC & SHIB Matter",delete_or_noindex,high,Promotional or low-trust investment-style URL; better pruned or deprioritized.,top-crypto-coins-to-invest-why-blockdag-cro-ltc-shib-matter,,,,lookup_failed,lookup_failed,Could not map slug to a single post.,200,attachment_delete_media,4625,https://defiliban.io/wp-content/uploads/2025/09/2025-09-10T131925.455Zunnamed.png
https://defiliban.io/top-crypto-presales-before-the-next-surge-solana-cardano-magacoin-finance-ranked-as-best-buys/,1970-01-01,200,Indexable,,55,928,1,single_slug,"Top Crypto Presales Before the Next Surge — Solana, Cardano & MAGACOIN FINANCE Ranked as Best Buys",delete_or_noindex,high,Promotional or low-trust investment-style URL; better pruned or deprioritized.,top-crypto-presales-before-the-next-surge-solana-cardano-magacoin-finance-ranked-as-best-buys,,,,lookup_failed,lookup_failed,Could not map slug to a single post.,200,attachment_delete_media,4209,https://defiliban.io/wp-content/uploads/2025/08/2025-08-28T184356.051Zunnamed.png
https://defiliban.io/top-crypto-to-buy-in-2025-blockdag-cardano-near-vechain-price-updates/,1970-01-01,200,Indexable,,53,1402,1,single_slug;blockdag_cluster;wordcount_1200_plus,"Top Crypto to Buy in 2025: BlockDAG, Cardano, NEAR, VeChain Price Updates",delete_or_noindex,high,Promotional or low-trust investment-style URL; better pruned or deprioritized.,top-crypto-to-buy-in-2025-blockdag-cardano-near-vechain-price-updates,,,,lookup_failed,lookup_failed,Could not map slug to a single post.,200,attachment_delete_media,4188,https://defiliban.io/wp-content/uploads/2025/08/2025-08-28T144153.513Zunnamed.png
https://defiliban.io/traders-pivot-to-blockdag-as-bitcoin-swift-presale-reaches-final-stage/,1970-01-01,200,Indexable,,50,1063,1,single_slug;blockdag_cluster,Traders Pivot to BlockDAG as Bitcoin Swift Presale Reaches Final Stage,delete_or_noindex,high,Promotional or low-trust investment-style URL; better pruned or deprioritized.,traders-pivot-to-blockdag-as-bitcoin-swift-presale-reaches-final-stage,,,,lookup_failed,lookup_failed,Could not map slug to a single post.,200,attachment_delete_media,4228,https://defiliban.io/wp-content/uploads/2025/08/2025-08-29T100701.175Zunnamed.png
https://defiliban.io/whales-move-from-xrp-and-fil-to-blockdags-0-0015-batch-31/,1970-01-01,200,Indexable,,54,1099,1,single_slug;numeric_suffix;blockdag_cluster,Whales Move from XRP and FIL to BlockDAG’s $0.0015 Batch 31,delete_or_noindex,high,Promotional or low-trust investment-style URL; better pruned or deprioritized.,whales-move-from-xrp-and-fil-to-blockdags-0-0015-batch-31,,,,lookup_failed,lookup_failed,Could not map slug to a single post.,200,attachment_delete_media,5924,https://defiliban.io/wp-content/uploads/2025/10/2025-10-22T100803.860Zunnamed.png
https://defiliban.io/while-ripple-plays-the-long-game-zero-knowledge-proof-just-became-2025s-fastest-growing-crypto-with-100x-potential/,1970-01-01,200,Indexable,,56,1208,2,single_slug;duplicate_title:2;wordcount_1200_plus,"While Ripple Plays the Long Game, Zero Knowledge Proof Just Became 2025’s Fastest-Growing Crypto With 100x Potential!",delete_or_noindex,high,Promotional or low-trust investment-style URL; better pruned or deprioritized.,while-ripple-plays-the-long-game-zero-knowledge-proof-just-became-2025s-fastest-growing-crypto-with-100x-potential,,,,lookup_failed,lookup_failed,Could not map slug to a single post.,200,attachment_delete_media,6498,https://defiliban.io/wp-content/uploads/2025/11/2025-11-14T142752.620Zunnamed.png
https://defiliban.io/why-zero-knowledge-proofs-zkp-fair-auction-mechanism-marks-a-turning-point-in-the-presale-crypto-market-next-500x-crypto/,1970-01-01,200,Indexable,,54,1137,1,single_slug,Why Zero Knowledge Proof’s (ZKP) Fair Auction Mechanism Marks a Turning Point in the Presale Crypto Market - Next 500x Crypto?,delete_or_noindex,high,Promotional or low-trust investment-style URL; better pruned or deprioritized.,why-zero-knowledge-proofs-zkp-fair-auction-mechanism-marks-a-turning-point-in-the-presale-crypto-market-next-500x-crypto,,,,lookup_failed,lookup_failed,Could not map slug to a single post.,200,attachment_delete_media,6495,https://defiliban.io/wp-content/uploads/2025/11/2025-11-14T142052.747Zunnamed.png
https://defiliban.io/with-430m-raised-binance-ama-ahead-blockdag-redefines-strength-trust-and-value-as-the-best-presale-crypto-to-buy-now/,1970-01-01,200,Indexable,,57,1499,1,single_slug;blockdag_cluster;wordcount_1200_plus,"With $430M Raised & Binance AMA Ahead, BlockDAG Redefines Strength, Trust, and Value as the Best Presale Crypto to Buy Now",delete_or_noindex,high,Promotional or low-trust investment-style URL; better pruned or deprioritized.,with-430m-raised-binance-ama-ahead-blockdag-redefines-strength-trust-and-value-as-the-best-presale-crypto-to-buy-now,,,,lookup_failed,lookup_failed,Could not map slug to a single post.,200,attachment_delete_media,5947,https://defiliban.io/wp-content/uploads/2025/10/2025-10-22T124103.256Zunnamed.png
https://defiliban.io/xlms-forecast-adas-growth-blockdags-405m-presale/,1970-01-01,200,Indexable,,53,1145,1,single_slug;blockdag_cluster,"XLM’s forecast, ADA’s growth & BlockDAG’s $405M+ Presale",delete_or_noindex,high,Promotional or low-trust investment-style URL; better pruned or deprioritized.,xlms-forecast-adas-growth-blockdags-405m-presale,,,,lookup_failed,lookup_failed,Could not map slug to a single post.,200,attachment_delete_media,4800,https://defiliban.io/wp-content/uploads/2025/09/2025-09-16T095722.329Zunnamed.png
https://defiliban.io/xrp-and-link-forecasts-blockdag-presale-best-crypto-2025/,1970-01-01,200,Indexable,,53,1135,1,single_slug;blockdag_cluster,"XRP and LINK Forecasts, BlockDAG Presale Best Crypto 2025",delete_or_noindex,high,Promotional or low-trust investment-style URL; better pruned or deprioritized.,xrp-and-link-forecasts-blockdag-presale-best-crypto-2025,,,,lookup_failed,lookup_failed,Could not map slug to a single post.,200,attachment_delete_media,4815,https://defiliban.io/wp-content/uploads/2025/09/2025-09-16T101418.801Zunnamed.png
https://defiliban.io/xrp-bullish-analysis-sol-price-targets-why-blockdags-x1-app-is-the-best-crypto-pick/,1970-01-01,200,Indexable,,48,1237,1,single_slug;blockdag_cluster;wordcount_1200_plus,XRP Bullish Analysis & SOL Price Targets: Why BlockDAG’s X1 App Is the Best Crypto Pick,delete_or_noindex,high,Promotional or low-trust investment-style URL; better pruned or deprioritized.,xrp-bullish-analysis-sol-price-targets-why-blockdags-x1-app-is-the-best-crypto-pick,,,,lookup_failed,lookup_failed,Could not map slug to a single post.,200,attachment_delete_media,4574,https://defiliban.io/wp-content/uploads/2025/09/2025-09-09T165709.516Zunnamed.png
https://defiliban.io/xrp-targets-5-cardano-eyes-2-blockdags-15-projection/,1970-01-01,200,Indexable,,55,947,1,single_slug;blockdag_cluster,"XRP Targets $5, Cardano Eyes $2, BlockDAG’s $15 Projection",delete_or_noindex,high,Promotional or low-trust investment-style URL; better pruned or deprioritized.,xrp-targets-5-cardano-eyes-2-blockdags-15-projection,,,,lookup_failed,lookup_failed,Could not map slug to a single post.,200,attachment_delete_media,4262,https://defiliban.io/wp-content/uploads/2025/08/2025-08-30T143247.916Zunnamed.png
https://defiliban.io/xrp-targets-5-dot-faces-3-90-barrier-blockdag-moves-toward-410m/,1970-01-01,200,Indexable,,52,1091,1,single_slug;blockdag_cluster,"XRP Targets $5, DOT Faces $3.90 Barrier, BlockDAG Moves Toward $410M",delete_or_noindex,high,Promotional or low-trust investment-style URL; better pruned or deprioritized.,xrp-targets-5-dot-faces-3-90-barrier-blockdag-moves-toward-410m,,,,lookup_failed,lookup_failed,Could not map slug to a single post.,200,attachment_delete_media,4797,https://defiliban.io/wp-content/uploads/2025/09/2025-09-16T095535.299Zunnamed.png
